<?xml version="1.0"?>
<opencv_storage>
<stage5>
  <maxWeakCount>2</maxWeakCount>
  <stageThreshold>6.8337130360305309e-03</stageThreshold>
  <weakClassifiers>
    <_>
      <internalNodes>
        0 -1 194164 147456 0 65792 16 0 1073741824 0 8404992</internalNodes>
      <leafValues>
        -9.9316626787185669e-01 1.</leafValues></_>
    <_>
      <internalNodes>
        0 -1 260444 0 1048576 -2147483644 268435456 8388624 0 0 65664</internalNodes>
      <leafValues>
        -9.9264913797378540e-01 1.</leafValues></_></weakClassifiers></stage5>
</opencv_storage>
